{"cameraMode":{"drawMode":0,"name":"Shaded","section":"Shading Mode"},"sceneLighting":false,"audioPlay":false,"sceneViewState":{"showFog":true,"showMaterialUpdate":true,"showSkybox":true,"showFlares":true,"showImageEffects":true,"showParticleSystems":true},"in2DMode":false,"pivot":{"x":1.0463314056396485,"y":1.7866828441619874,"z":-14.329999923706055},"rotation":{"x":-0.1439569890499115,"y":0.6850931644439697,"z":-0.1408803015947342,"w":-0.7000546455383301},"size":22.0,"orthographic":false}