{"cameraMode":{"drawMode":0,"name":"Shaded","section":"Shading Mode"},"sceneLighting":false,"audioPlay":false,"sceneViewState":{"showFog":true,"showMaterialUpdate":true,"showSkybox":true,"showFlares":true,"showImageEffects":true,"showParticleSystems":true},"in2DMode":false,"pivot":{"x":0.9972949028015137,"y":0.22163105010986329,"z":-1.1524343490600587},"rotation":{"x":-0.1439569890499115,"y":0.6850931644439697,"z":-0.1408803015947342,"w":-0.7000546455383301},"size":22.0,"orthographic":false}